run,problem,latency_ms,speedup_vs_pytorch,speedup_vs_seed,status,strict_triton,exported_file
ab_thinking,alloff_01_square_matrix_multiplication,2.2661120891571045,2.494803289676976,5.155416500127357,success,True,output/champions_export/ab_thinking__alloff_01_square_matrix_multiplication.py
ab_thinking,alloff_30_Gemm_GroupNorm_Hardtanh,2.5221118927001953,,,,,output/champions_export/ab_thinking__alloff_30_Gemm_GroupNorm_Hardtanh.py
ab_thinking,alloff_40_layernorm,1.5769599676132202,,,,,output/champions_export/ab_thinking__alloff_40_layernorm.py
ab_thinking,on_01_square_matrix_multiplication,4.253695964813232,1.317284609513189,2.3545980465318266,success,True,output/champions_export/ab_thinking__on_01_square_matrix_multiplication.py
ab_thinking,on_40_layernorm,1.7592320442199707,3.9607100331573597,30.550930414538822,success,True,output/champions_export/ab_thinking__on_40_layernorm.py
ab_thinking,patch_01_square_matrix_multiplication,4.273151874542236,1.3120057928131934,2.7517373585454763,success,True,output/champions_export/ab_thinking__patch_01_square_matrix_multiplication.py
ab_thinking,patch_30_Gemm_GroupNorm_Hardtanh,2.5425920486450195,,,,,output/champions_export/ab_thinking__patch_30_Gemm_GroupNorm_Hardtanh.py
ab_thinking,patch_40_layernorm,0.9738240242004395,7.303890254752463,55.35331155677273,success,True,output/champions_export/ab_thinking__patch_40_layernorm.py
api_opt_smoke,40_layernorm,0.9712640047073364,7.328940357920961,140.3094352377947,success,True,output/champions_export/api_opt_smoke__40_layernorm.py
deakg_smoke_01,deakg_smoke_01,10.010623931884766,,,,,output/champions_export/deakg_smoke_01__deakg_smoke_01.py
ds4flash_trace,18_Matmul_Sum_Max_AvgPool_LogSumExp_LogSumExp,0.04608000069856644,,,,,output/champions_export/ds4flash_trace__18_Matmul_Sum_Max_AvgPool_LogSumExp_LogSumExp.py
ds4flash_trace,40_layernorm,0.9880799949169159,,,,,output/champions_export/ds4flash_trace__40_layernorm.py
ds4flash_trace,50_conv_standard_2d_square_input_square_kernel,84.30643081665039,,,,,output/champions_export/ds4flash_trace__50_conv_standard_2d_square_input_square_kernel.py
ds4flash_trace,76_Gemm_Add_ReLU,4.031487941741943,,,,,output/champions_export/ds4flash_trace__76_Gemm_Add_ReLU.py
ds4flash_trace,9_Matmul_Subtract_Multiply_ReLU,3.9792640209198,,,,,output/champions_export/ds4flash_trace__9_Matmul_Subtract_Multiply_ReLU.py
ds4flash_trace10,01_square_matrix_multiplication,2.1329920291900635,,,,,output/champions_export/ds4flash_trace10__01_square_matrix_multiplication.py
ds4flash_trace10,30_Gemm_GroupNorm_Hardtanh,2.585599899291992,,,,,output/champions_export/ds4flash_trace10__30_Gemm_GroupNorm_Hardtanh.py
ds4flash_trace10,42_max_pooling_2d,7.324672222137451,,,,,output/champions_export/ds4flash_trace10__42_max_pooling_2d.py
ds4flash_trace10,50_conv_standard_2d_square_input_square_kernel,5.3882880210876465,,,,,output/champions_export/ds4flash_trace10__50_conv_standard_2d_square_input_square_kernel.py
ds4flash_trace10,62_Matmul_GroupNorm_LeakyReLU_Sum,5.132287979125977,,,,,output/champions_export/ds4flash_trace10__62_Matmul_GroupNorm_LeakyReLU_Sum.py
ds4flash_trace10,76_Gemm_Add_ReLU,2.1125121116638184,,,,,output/champions_export/ds4flash_trace10__76_Gemm_Add_ReLU.py
ds4flash_trace10,88_mingptnewgelu,0.6359040141105652,,,,,output/champions_export/ds4flash_trace10__88_mingptnewgelu.py
ds4flash_trace10,9_Matmul_Subtract_Multiply_ReLU,154.7335662841797,,,,,output/champions_export/ds4flash_trace10__9_Matmul_Subtract_Multiply_ReLU.py
full_mcts,01_square_matrix_multiplication,2.1391360759735107,,,,,output/champions_export/full_mcts__01_square_matrix_multiplication.py
full_mcts,12_Gemm_Multiply_LeakyReLU,4.133008003234863,,,,,output/champions_export/full_mcts__12_Gemm_Multiply_LeakyReLU.py
full_mcts,13_ConvTranspose3d_Mean_Add_Softmax_Tanh_Scaling,45.78713607788086,,,,,output/champions_export/full_mcts__13_ConvTranspose3d_Mean_Add_Softmax_Tanh_Scaling.py
full_mcts,14_Gemm_Divide_Sum_Scaling,0.03788800165057182,,,,,output/champions_export/full_mcts__14_Gemm_Divide_Sum_Scaling.py
full_mcts,16_matmul_with_transposed_a,4.304895877838135,,,,,output/champions_export/full_mcts__16_matmul_with_transposed_a.py
full_mcts,17_matmul_with_transposed_b,3.94649600982666,,,,,output/champions_export/full_mcts__17_matmul_with_transposed_b.py
full_mcts,18_Matmul_Sum_Max_AvgPool_LogSumExp_LogSumExp,0.04608000069856644,,,,,output/champions_export/full_mcts__18_Matmul_Sum_Max_AvgPool_LogSumExp_LogSumExp.py
full_mcts,19_relu,15.209471702575684,,,,,output/champions_export/full_mcts__19_relu.py
full_mcts,1_Conv2D_ReLU_BiasAdd,14.520319938659668,,,,,output/champions_export/full_mcts__1_Conv2D_ReLU_BiasAdd.py
full_mcts,23_softmax,22.85968017578125,,,,,output/champions_export/full_mcts__23_softmax.py
full_mcts,24_Conv3d_Min_Softmax,2.722815990447998,,,,,output/champions_export/full_mcts__24_Conv3d_Min_Softmax.py
full_mcts,24_logsoftmax,22.849536895751953,,,,,output/champions_export/full_mcts__24_logsoftmax.py
full_mcts,29_Matmul_Mish_Mish,2.2210559844970703,,,,,output/champions_export/full_mcts__29_Matmul_Mish_Mish.py
full_mcts,2_ConvTranspose2d_BiasAdd_Clamp_Scaling_Clamp_Divide,21.519871711730957,,,,,output/champions_export/full_mcts__2_ConvTranspose2d_BiasAdd_Clamp_Scaling_Clamp_Divide.py
full_mcts,30_Gemm_GroupNorm_Hardtanh,4.284416198730469,,,,,output/champions_export/full_mcts__30_Gemm_GroupNorm_Hardtanh.py
full_mcts,32_Conv2d_Scaling_Min,34.548736572265625,,,,,output/champions_export/full_mcts__32_Conv2d_Scaling_Min.py
full_mcts,33_batchnorm,10.142720222473145,,,,,output/champions_export/full_mcts__33_batchnorm.py
full_mcts,34_ConvTranspose3d_LayerNorm_GELU_Scaling,49.34195137023926,,,,,output/champions_export/full_mcts__34_ConvTranspose3d_LayerNorm_GELU_Scaling.py
full_mcts,36_ConvTranspose2d_Min_Sum_GELU_Add,5.590992212295532,,,,,output/champions_export/full_mcts__36_ConvTranspose2d_Min_Sum_GELU_Add.py
full_mcts,37_Matmul_Swish_Sum_GroupNorm,9.08902359008789,,,,,output/champions_export/full_mcts__37_Matmul_Swish_Sum_GroupNorm.py
full_mcts,38_ConvTranspose3d_AvgPool_Clamp_Softmax_Multiply,15.9335355758667,,,,,output/champions_export/full_mcts__38_ConvTranspose3d_AvgPool_Clamp_Softmax_Multiply.py
full_mcts,40_layernorm,1.3301759958267212,,,,,output/champions_export/full_mcts__40_layernorm.py
full_mcts,42_ConvTranspose2d_GlobalAvgPool_BiasAdd_LogSumExp_Sum_Multiply,1.3015040159225464,,,,,output/champions_export/full_mcts__42_ConvTranspose2d_GlobalAvgPool_BiasAdd_LogSumExp_Sum_Multiply.py
full_mcts,42_max_pooling_2d,8.287232398986816,,,,,output/champions_export/full_mcts__42_max_pooling_2d.py
full_mcts,50_conv_standard_2d_square_input_square_kernel,4.048895835876465,,,,,output/champions_export/full_mcts__50_conv_standard_2d_square_input_square_kernel.py
full_mcts,57_conv_transposed_2d_square_input_square_kernel,23.13420867919922,,,,,output/champions_export/full_mcts__57_conv_transposed_2d_square_input_square_kernel.py
full_mcts,5_ConvTranspose2d_Subtract_Tanh,39.39436721801758,,,,,output/champions_export/full_mcts__5_ConvTranspose2d_Subtract_Tanh.py
full_mcts,62_Matmul_GroupNorm_LeakyReLU_Sum,2.1985280513763428,,,,,output/champions_export/full_mcts__62_Matmul_GroupNorm_LeakyReLU_Sum.py
full_mcts,76_Gemm_Add_ReLU,2.0490241050720215,,,,,output/champions_export/full_mcts__76_Gemm_Add_ReLU.py
full_mcts,85_Conv2d_GroupNorm_Scale_MaxPool_Clamp,2.7791359424591064,,,,,output/champions_export/full_mcts__85_Conv2d_GroupNorm_Scale_MaxPool_Clamp.py
full_mcts,88_mingptnewgelu,0.6369280219078064,,,,,output/champions_export/full_mcts__88_mingptnewgelu.py
full_mcts,89_cumsum,10.22054386138916,,,,,output/champions_export/full_mcts__89_cumsum.py
full_mcts,90_cumprod,10.2041597366333,,,,,output/champions_export/full_mcts__90_cumprod.py
full_mcts,94_mseloss,25.028608322143555,,,,,output/champions_export/full_mcts__94_mseloss.py
full_mcts,97_scaleddotproductattention,63.86483192443848,,,,,output/champions_export/full_mcts__97_scaleddotproductattention.py
full_mcts,98_kldivloss,0.011264000087976456,,,,,output/champions_export/full_mcts__98_kldivloss.py
full_mcts,99_Matmul_GELU_Softmax,4.211711883544922,,,,,output/champions_export/full_mcts__99_Matmul_GELU_Softmax.py
full_mcts,9_Matmul_Subtract_Multiply_ReLU,2.142176032066345,,,,,output/champions_export/full_mcts__9_Matmul_Subtract_Multiply_ReLU.py
full_mcts_l1_naive_triton,01_square_matrix_multiplication,3.8359038829803467,,,,,output/champions_export/full_mcts_l1_naive_triton__01_square_matrix_multiplication.py
full_mcts_l1_naive_triton,02_standard_matrix_multiplication,2.4238080978393555,,,,,output/champions_export/full_mcts_l1_naive_triton__02_standard_matrix_multiplication.py
full_mcts_l1_naive_triton,03_batched_matrix_multiplication,6.4542717933654785,,,,,output/champions_export/full_mcts_l1_naive_triton__03_batched_matrix_multiplication.py
full_mcts_l1_naive_triton,04_matrix_vector_multiplication,9.667072296142578,,,,,output/champions_export/full_mcts_l1_naive_triton__04_matrix_vector_multiplication.py
full_mcts_l1_naive_triton,05_matrix_scalar_multiplication,10.14681625366211,,,,,output/champions_export/full_mcts_l1_naive_triton__05_matrix_scalar_multiplication.py
full_mcts_l1_naive_triton,06_matmul_with_large_k_dimension,2.6122241020202637,,,,,output/champions_export/full_mcts_l1_naive_triton__06_matmul_with_large_k_dimension.py
full_mcts_l1_naive_triton,07_matmul_with_small_k_dimension,5.679103851318359,,,,,output/champions_export/full_mcts_l1_naive_triton__07_matmul_with_small_k_dimension.py
full_mcts_l1_naive_triton,08_matmul_with_irregular_shapes,9.73311996459961,,,,,output/champions_export/full_mcts_l1_naive_triton__08_matmul_with_irregular_shapes.py
full_mcts_l1_naive_triton,09_tall_skinny_matrix_multiplication,5.465087890625,,,,,output/champions_export/full_mcts_l1_naive_triton__09_tall_skinny_matrix_multiplication.py
full_mcts_l1_naive_triton,100_hingeloss,4.816895961761475,,,,,output/champions_export/full_mcts_l1_naive_triton__100_hingeloss.py
full_mcts_l1_naive_triton,10_3d_tensor_matrix_multiplication,1.4458880424499512,,,,,output/champions_export/full_mcts_l1_naive_triton__10_3d_tensor_matrix_multiplication.py
full_mcts_l1_naive_triton,11_4d_tensor_matrix_multiplication,37.51833724975586,,,,,output/champions_export/full_mcts_l1_naive_triton__11_4d_tensor_matrix_multiplication.py
full_mcts_l1_naive_triton,12_matmul_with_diagonal_matrices,0.16179199516773224,,,,,output/champions_export/full_mcts_l1_naive_triton__12_matmul_with_diagonal_matrices.py
full_mcts_l1_naive_triton,13_matmul_for_symmetric_matrices,2.1565439701080322,,,,,output/champions_export/full_mcts_l1_naive_triton__13_matmul_for_symmetric_matrices.py
full_mcts_l1_naive_triton,14_matmul_for_upper_triangular_matrices,2.0940799713134766,,,,,output/champions_export/full_mcts_l1_naive_triton__14_matmul_for_upper_triangular_matrices.py
full_mcts_l1_naive_triton,15_matmul_for_lower_triangular_matrices,2.1145598888397217,,,,,output/champions_export/full_mcts_l1_naive_triton__15_matmul_for_lower_triangular_matrices.py
full_mcts_l1_naive_triton,18_matmul_with_transposed_both,4.049920082092285,,,,,output/champions_export/full_mcts_l1_naive_triton__18_matmul_with_transposed_both.py
full_mcts_l1_naive_triton,20_leakyrelu,15.219712257385254,,,,,output/champions_export/full_mcts_l1_naive_triton__20_leakyrelu.py
full_mcts_l1_naive_triton,21_sigmoid,15.19702434539795,,,,,output/champions_export/full_mcts_l1_naive_triton__21_sigmoid.py
full_mcts_l1_naive_triton,26_gelu,15.215616226196289,,,,,output/champions_export/full_mcts_l1_naive_triton__26_gelu.py
full_mcts_l1_naive_triton,28_hardsigmoid,15.197183609008789,,,,,output/champions_export/full_mcts_l1_naive_triton__28_hardsigmoid.py
full_mcts_l1_naive_triton,31_elu,15.19923210144043,,,,,output/champions_export/full_mcts_l1_naive_triton__31_elu.py
full_mcts_l1_naive_triton,34_instancenorm,26.69977569580078,,,,,output/champions_export/full_mcts_l1_naive_triton__34_instancenorm.py
full_mcts_l1_naive_triton,35_groupnorm,26.616832733154297,,,,,output/champions_export/full_mcts_l1_naive_triton__35_groupnorm.py
full_mcts_l1_naive_triton,36_rmsnorm,17.898496627807617,,,,,output/champions_export/full_mcts_l1_naive_triton__36_rmsnorm.py
full_mcts_l1_naive_triton,41_max_pooling_1d,7.6615681648254395,,,,,output/champions_export/full_mcts_l1_naive_triton__41_max_pooling_1d.py
full_mcts_l1_naive_triton,43_max_pooling_3d,5.343232154846191,,,,,output/champions_export/full_mcts_l1_naive_triton__43_max_pooling_3d.py
full_mcts_l1_naive_triton,44_average_pooling_1d,5.051392078399658,,,,,output/champions_export/full_mcts_l1_naive_triton__44_average_pooling_1d.py
full_mcts_l1_naive_triton,46_average_pooling_3d,11.083776473999023,,,,,output/champions_export/full_mcts_l1_naive_triton__46_average_pooling_3d.py
full_mcts_l1_naive_triton,47_sum_reduction_over_a_dimension,9.795583724975586,,,,,output/champions_export/full_mcts_l1_naive_triton__47_sum_reduction_over_a_dimension.py
full_mcts_l1_naive_triton,48_mean_reduction_over_a_dimension,11.226112365722656,,,,,output/champions_export/full_mcts_l1_naive_triton__48_mean_reduction_over_a_dimension.py
full_mcts_l1_naive_triton,49_max_reduction_over_a_dimension,10.2225923538208,,,,,output/champions_export/full_mcts_l1_naive_triton__49_max_reduction_over_a_dimension.py
full_mcts_l1_naive_triton,51_argmax_over_a_dimension,9.805824279785156,,,,,output/champions_export/full_mcts_l1_naive_triton__51_argmax_over_a_dimension.py
full_mcts_l1_naive_triton,53_min_reduction_over_a_dimension,10.21951961517334,,,,,output/champions_export/full_mcts_l1_naive_triton__53_min_reduction_over_a_dimension.py
full_mcts_l1_naive_triton,88_mingptnewgelu,0.6369280219078064,,,,,output/champions_export/full_mcts_l1_naive_triton__88_mingptnewgelu.py
full_mcts_l2_search_20260727,100_ConvTranspose3d_Clamp_Min_Divide,39.97542381286621,,,,,output/champions_export/full_mcts_l2_search_20260727__100_ConvTranspose3d_Clamp_Min_Divide.py
full_mcts_l2_search_20260727,11_ConvTranspose2d_BatchNorm_Tanh_MaxPool_GroupNorm,9.601024150848389,,,,,output/champions_export/full_mcts_l2_search_20260727__11_ConvTranspose2d_BatchNorm_Tanh_MaxPool_GroupNorm.py
full_mcts_l2_search_20260727,12_Gemm_Multiply_LeakyReLU,2.067456007003784,,,,,output/champions_export/full_mcts_l2_search_20260727__12_Gemm_Multiply_LeakyReLU.py
full_mcts_l2_search_20260727,13_ConvTranspose3d_Mean_Add_Softmax_Tanh_Scaling,230.20543670654297,,,,,output/champions_export/full_mcts_l2_search_20260727__13_ConvTranspose3d_Mean_Add_Softmax_Tanh_Scaling.py
full_mcts_l2_search_20260727,14_Gemm_Divide_Sum_Scaling,0.04608000069856644,,,,,output/champions_export/full_mcts_l2_search_20260727__14_Gemm_Divide_Sum_Scaling.py
full_mcts_l2_search_20260727,15_ConvTranspose3d_BatchNorm_Subtract,20.239295959472656,,,,,output/champions_export/full_mcts_l2_search_20260727__15_ConvTranspose3d_BatchNorm_Subtract.py
full_mcts_l2_search_20260727,16_ConvTranspose2d_Mish_Add_Hardtanh_Scaling,65.73567962646484,,,,,output/champions_export/full_mcts_l2_search_20260727__16_ConvTranspose2d_Mish_Add_Hardtanh_Scaling.py
full_mcts_l2_search_20260727,17_Conv2d_InstanceNorm_Divide,13.591039657592773,,,,,output/champions_export/full_mcts_l2_search_20260727__17_Conv2d_InstanceNorm_Divide.py
full_mcts_l2_search_20260727,18_Matmul_Sum_Max_AvgPool_LogSumExp_LogSumExp,0.04710400104522705,,,,,output/champions_export/full_mcts_l2_search_20260727__18_Matmul_Sum_Max_AvgPool_LogSumExp_LogSumExp.py
full_mcts_l2_search_20260727,19_ConvTranspose2d_GELU_GroupNorm,501.58079528808594,,,,,output/champions_export/full_mcts_l2_search_20260727__19_ConvTranspose2d_GELU_GroupNorm.py
full_mcts_l2_search_20260727,1_Conv2D_ReLU_BiasAdd,9.40339183807373,,,,,output/champions_export/full_mcts_l2_search_20260727__1_Conv2D_ReLU_BiasAdd.py
full_mcts_l2_search_20260727,20_ConvTranspose3d_Sum_ResidualAdd_Multiply_ResidualAdd,8.005632400512695,,,,,output/champions_export/full_mcts_l2_search_20260727__20_ConvTranspose3d_Sum_ResidualAdd_Multiply_ResidualAdd.py
full_mcts_l2_search_20260727,21_Conv2d_Add_Scale_Sigmoid_GroupNorm,8.738815784454346,,,,,output/champions_export/full_mcts_l2_search_20260727__21_Conv2d_Add_Scale_Sigmoid_GroupNorm.py
full_mcts_l2_search_20260727,22_Matmul_Scale_ResidualAdd_Clamp_LogSumExp_Mish,4.127744197845459,,,,,output/champions_export/full_mcts_l2_search_20260727__22_Matmul_Scale_ResidualAdd_Clamp_LogSumExp_Mish.py
full_mcts_l2_search_20260727,23_Conv3d_GroupNorm_Mean,3.989504098892212,,,,,output/champions_export/full_mcts_l2_search_20260727__23_Conv3d_GroupNorm_Mean.py
full_mcts_l2_search_20260727,24_Conv3d_Min_Softmax,1.7771520018577576,,,,,output/champions_export/full_mcts_l2_search_20260727__24_Conv3d_Min_Softmax.py
full_mcts_l2_search_20260727,25_Conv2d_Min_Tanh_Tanh,5.395968198776245,,,,,output/champions_export/full_mcts_l2_search_20260727__25_Conv2d_Min_Tanh_Tanh.py
full_mcts_l2_search_20260727,27_Conv3d_HardSwish_GroupNorm_Mean,296.6650848388672,,,,,output/champions_export/full_mcts_l2_search_20260727__27_Conv3d_HardSwish_GroupNorm_Mean.py
full_mcts_l2_search_20260727,29_Matmul_Mish_Mish,4.067327976226807,,,,,output/champions_export/full_mcts_l2_search_20260727__29_Matmul_Mish_Mish.py
full_mcts_l2_search_20260727,2_ConvTranspose2d_BiasAdd_Clamp_Scaling_Clamp_Divide,144.11570739746094,,,,,output/champions_export/full_mcts_l2_search_20260727__2_ConvTranspose2d_BiasAdd_Clamp_Scaling_Clamp_Divide.py
full_mcts_l2_search_20260727,35_Conv2d_Subtract_HardSwish_MaxPool_Mish,12.512127876281738,,,,,output/champions_export/full_mcts_l2_search_20260727__35_Conv2d_Subtract_HardSwish_MaxPool_Mish.py
full_mcts_l2_search_20260727,52_Conv2d_Activation_BatchNorm,7.233551979064941,,,,,output/champions_export/full_mcts_l2_search_20260727__52_Conv2d_Activation_BatchNorm.py
full_mcts_l2_search_20260727,7_Conv3d_ReLU_LeakyReLU_GELU_Sigmoid_BiasAdd,7.625728130340576,,,,,output/champions_export/full_mcts_l2_search_20260727__7_Conv3d_ReLU_LeakyReLU_GELU_Sigmoid_BiasAdd.py
full_mcts_l2_search_20260727,83_Conv3d_GroupNorm_Min_Clamp_Dropout,0.0018560000462457538,,,,,output/champions_export/full_mcts_l2_search_20260727__83_Conv3d_GroupNorm_Min_Clamp_Dropout.py
full_mcts_l2_search_20260727,95_Matmul_Add_Swish_Tanh_GELU_Hardtanh,4.050431966781616,,,,,output/champions_export/full_mcts_l2_search_20260727__95_Matmul_Add_Swish_Tanh_GELU_Hardtanh.py
full_mcts_l2_search_fixed_20260810,100_ConvTranspose3d_Clamp_Min_Divide,469.1496887207031,0.10154241367240446,21.0903356688636,success,True,output/champions_export/full_mcts_l2_search_fixed_20260810__100_ConvTranspose3d_Clamp_Min_Divide.py
full_mcts_l2_search_fixed_20260810,10_ConvTranspose2d_MaxPool_Hardtanh_Mean_Tanh,288.42547607421875,0.13901596222503013,1.0054159684253496,success,True,output/champions_export/full_mcts_l2_search_fixed_20260810__10_ConvTranspose2d_MaxPool_Hardtanh_Mean_Tanh.py
full_mcts_l2_search_fixed_20260810,11_ConvTranspose2d_BatchNorm_Tanh_MaxPool_GroupNorm,12.84607982635498,0.8137903448462226,21.515345664702636,success,True,output/champions_export/full_mcts_l2_search_fixed_20260810__11_ConvTranspose2d_BatchNorm_Tanh_MaxPool_GroupNorm.py
full_mcts_l2_search_fixed_20260810,12_Gemm_Multiply_LeakyReLU,4.001791954040527,1.7175025493406746,8.17937539902335,success,True,output/champions_export/full_mcts_l2_search_fixed_20260810__12_Gemm_Multiply_LeakyReLU.py
full_mcts_l2_search_fixed_20260810,13_ConvTranspose3d_Mean_Add_Softmax_Tanh_Scaling,416.1095733642578,0.09735527925270104,1.9455909256408022,success,True,output/champions_export/full_mcts_l2_search_fixed_20260810__13_ConvTranspose3d_Mean_Add_Softmax_Tanh_Scaling.py
full_mcts_l2_search_fixed_20260810,14_Gemm_Divide_Sum_Scaling,0.04608000069856644,149.22222310252326,709.2666187315807,success,True,output/champions_export/full_mcts_l2_search_fixed_20260810__14_Gemm_Divide_Sum_Scaling.py
full_mcts_l2_search_fixed_20260810,15_ConvTranspose3d_BatchNorm_Subtract,58.5113582611084,0.07927896691190409,3.2395520484973614,success,True,output/champions_export/full_mcts_l2_search_fixed_20260810__15_ConvTranspose3d_BatchNorm_Subtract.py
full_mcts_l2_search_fixed_20260810,16_ConvTranspose2d_Mish_Add_Hardtanh_Scaling,45.949951171875,0.8878947281907008,5.549785048429688,success,True,output/champions_export/full_mcts_l2_search_fixed_20260810__16_ConvTranspose2d_Mish_Add_Hardtanh_Scaling.py
full_mcts_l2_search_fixed_20260810,17_Conv2d_InstanceNorm_Divide,22.566911697387695,0.789959414484699,4.247980972248717,success,True,output/champions_export/full_mcts_l2_search_fixed_20260810__17_Conv2d_InstanceNorm_Divide.py
full_mcts_l2_search_fixed_20260810,18_Matmul_Sum_Max_AvgPool_LogSumExp_LogSumExp,0.048128001391887665,142.67020763260317,198.82147200049042,success,True,output/champions_export/full_mcts_l2_search_fixed_20260810__18_Matmul_Sum_Max_AvgPool_LogSumExp_LogSumExp.py
full_mcts_l2_search_fixed_20260810,19_ConvTranspose2d_GELU_GroupNorm,35.82009506225586,1.3116713345643563,35.28849801539357,success,True,output/champions_export/full_mcts_l2_search_fixed_20260810__19_ConvTranspose2d_GELU_GroupNorm.py
full_mcts_l2_search_fixed_20260810,1_Conv2D_ReLU_BiasAdd,11.629568099975586,1.4181121697134262,8.10750498216981,success,True,output/champions_export/full_mcts_l2_search_fixed_20260810__1_Conv2D_ReLU_BiasAdd.py
full_mcts_l2_search_fixed_20260810,20_ConvTranspose3d_Sum_ResidualAdd_Multiply_ResidualAdd,18.042879104614258,0.7418274854342094,72.99231505555429,success,True,output/champions_export/full_mcts_l2_search_fixed_20260810__20_ConvTranspose3d_Sum_ResidualAdd_Multiply_ResidualAdd.py
full_mcts_l2_search_fixed_20260810,21_Conv2d_Add_Scale_Sigmoid_GroupNorm,6.283168077468872,2.600756779446174,8.216390093208432,success,True,output/champions_export/full_mcts_l2_search_fixed_20260810__21_Conv2d_Add_Scale_Sigmoid_GroupNorm.py
full_mcts_l2_search_fixed_20260810,22_Matmul_Scale_ResidualAdd_Clamp_LogSumExp_Mish,4.020224094390869,1.7851502208332775,2.423331646309504,success,True,output/champions_export/full_mcts_l2_search_fixed_20260810__22_Matmul_Scale_ResidualAdd_Clamp_LogSumExp_Mish.py
full_mcts_l2_search_fixed_20260810,23_Conv3d_GroupNorm_Mean,3.383296012878418,1.0999025620672656,8.883474464595226,success,True,output/champions_export/full_mcts_l2_search_fixed_20260810__23_Conv3d_GroupNorm_Mean.py
full_mcts_l2_search_fixed_20260810,24_Conv3d_Min_Softmax,2.249727964401245,1.3277196808026415,7.9749657774980465,success,True,output/champions_export/full_mcts_l2_search_fixed_20260810__24_Conv3d_Min_Softmax.py
full_mcts_l2_search_fixed_20260810,25_Conv2d_Min_Tanh_Tanh,62.07388877868652,0.26295527721269846,1.0,success,True,output/champions_export/full_mcts_l2_search_fixed_20260810__25_Conv2d_Min_Tanh_Tanh.py
full_mcts_l2_search_fixed_20260810,27_Conv3d_HardSwish_GroupNorm_Mean,297.26719665527344,0.050616497053671335,1.0,success,True,output/champions_export/full_mcts_l2_search_fixed_20260810__27_Conv3d_HardSwish_GroupNorm_Mean.py
full_mcts_l2_search_fixed_20260810,29_Matmul_Mish_Mish,4.059135913848877,1.6927346147633662,2.3395561298659344,success,True,output/champions_export/full_mcts_l2_search_fixed_20260810__29_Matmul_Mish_Mish.py
full_mcts_l2_search_fixed_20260810,2_ConvTranspose2d_BiasAdd_Clamp_Scaling_Clamp_Divide,75.60345840454102,0.6034009901512151,10.172758222377897,success,True,output/champions_export/full_mcts_l2_search_fixed_20260810__2_ConvTranspose2d_BiasAdd_Clamp_Scaling_Clamp_Divide.py
full_mcts_l2_search_fixed_20260810,34_ConvTranspose3d_LayerNorm_GELU_Scaling,53.99142265319824,1.1392671544249304,47.65186064039512,success,True,output/champions_export/full_mcts_l2_search_fixed_20260810__34_ConvTranspose3d_LayerNorm_GELU_Scaling.py
full_mcts_l2_search_fixed_20260810,35_Conv2d_Subtract_HardSwish_MaxPool_Mish,12.310527801513672,1.595491630181731,47.63250825578509,success,True,output/champions_export/full_mcts_l2_search_fixed_20260810__35_Conv2d_Subtract_HardSwish_MaxPool_Mish.py
full_mcts_l2_search_fixed_20260810,36_ConvTranspose2d_Min_Sum_GELU_Add,371.31622314453125,0.014900162777619338,1.0,success,True,output/champions_export/full_mcts_l2_search_fixed_20260810__36_ConvTranspose2d_Min_Sum_GELU_Add.py
full_mcts_l2_search_fixed_20260810,38_ConvTranspose3d_AvgPool_Clamp_Softmax_Multiply,166.01036834716797,0.12655479991990556,4.918957957814014,success,True,output/champions_export/full_mcts_l2_search_fixed_20260810__38_ConvTranspose3d_AvgPool_Clamp_Softmax_Multiply.py
full_mcts_l2_search_fixed_20260810,52_Conv2d_Activation_BatchNorm,7.434800148010254,1.5292171463835147,18.585032516229894,success,True,output/champions_export/full_mcts_l2_search_fixed_20260810__52_Conv2d_Activation_BatchNorm.py
full_mcts_l2_search_fixed_20260810,7_Conv3d_ReLU_LeakyReLU_GELU_Sigmoid_BiasAdd,7.503871917724609,2.664983643392922,12.668804506137223,success,True,output/champions_export/full_mcts_l2_search_fixed_20260810__7_Conv3d_ReLU_LeakyReLU_GELU_Sigmoid_BiasAdd.py
full_mcts_l2_search_fixed_20260810,83_Conv3d_GroupNorm_Min_Clamp_Dropout,0.4976640045642853,19.841562820587523,46.51739292200838,success,True,output/champions_export/full_mcts_l2_search_fixed_20260810__83_Conv3d_GroupNorm_Min_Clamp_Dropout.py
full_mcts_l2_search_fixed_20260810,95_Matmul_Add_Swish_Tanh_GELU_Hardtanh,2.013184070587158,3.590539023054023,16.174472809147804,success,True,output/champions_export/full_mcts_l2_search_fixed_20260810__95_Matmul_Add_Swish_Tanh_GELU_Hardtanh.py
full_mcts_treelog_20260827,01_square_matrix_multiplication,4.3130879402160645,1.3241927957156507,2.320987670699634,success,True,output/champions_export/full_mcts_treelog_20260827__01_square_matrix_multiplication.py
full_mcts_treelog_20260827,01_square_matrix_multiplication_try2,3.2599040269851685,1.7629966908940473,3.0673834988349507,success,True,output/champions_export/full_mcts_treelog_20260827__01_square_matrix_multiplication_try2.py
isolated_smoke_20260827,01_square_matrix_multiplication,2.4835577392578125,2.30886844962511,4.0311719030508515,success,True,output/champions_export/isolated_smoke_20260827__01_square_matrix_multiplication.py
k3_trace10,01_square_matrix_multiplication,2.1381120681762695,,,,,output/champions_export/k3_trace10__01_square_matrix_multiplication.py
k3_trace10,18_Matmul_Sum_Max_AvgPool_LogSumExp_LogSumExp,0.04608000069856644,,,,,output/champions_export/k3_trace10__18_Matmul_Sum_Max_AvgPool_LogSumExp_LogSumExp.py
k3_trace10,30_Gemm_GroupNorm_Hardtanh,4.215807914733887,,,,,output/champions_export/k3_trace10__30_Gemm_GroupNorm_Hardtanh.py
k3_trace10,40_layernorm,0.9963520169258118,,,,,output/champions_export/k3_trace10__40_layernorm.py
k3_trace10,42_max_pooling_2d,6.782976150512695,,,,,output/champions_export/k3_trace10__42_max_pooling_2d.py
k3_trace10,62_Matmul_GroupNorm_LeakyReLU_Sum,4.1113600730896,,,,,output/champions_export/k3_trace10__62_Matmul_GroupNorm_LeakyReLU_Sum.py
k3_trace10,76_Gemm_Add_ReLU,2.0931519269943237,,,,,output/champions_export/k3_trace10__76_Gemm_Add_ReLU.py
k3_trace10,88_mingptnewgelu,0.6377120018005371,,,,,output/champions_export/k3_trace10__88_mingptnewgelu.py
k3_trace10,9_Matmul_Subtract_Multiply_ReLU,2.4596478939056396,,,,,output/champions_export/k3_trace10__9_Matmul_Subtract_Multiply_ReLU.py
l2_9_trace_20260828,9_Matmul_Subtract_Multiply_ReLU,1.209599380493164,5.7405321915390255,7.685506464079732,success,True,output/champions_export/l2_9_trace_20260828__9_Matmul_Subtract_Multiply_ReLU.py
naive_e2e_01,naive_e2e_01,3.9526400566101074,,,,,output/champions_export/naive_e2e_01__naive_e2e_01.py
noakg_e2e_01,noakg_e2e_01,3.9797760248184204,,,,,output/champions_export/noakg_e2e_01__noakg_e2e_01.py
